Top Level Genre,Sub Genre,URL,Title,Author
Action,Disaster Action,https://www.skool.com/story-hacker/disaster-action-genre-guide,Disaster Action Genre Guide,Dom Ioanna
Action,Martial Arts Action,https://www.skool.com/story-hacker/martial-arts-action-genre-guide,Martial Arts Action Genre Guide,Dom Ioanna
Action,Superhero Action,https://www.skool.com/story-hacker/superhero-action-genre-guides,Superhero Action Genre Guides,Mitch White
Adventure,Adventure,https://www.skool.com/story-hacker/adventure-genre-guides,Adventure Genre Guides,Mitch White
Adventure,Lost World Adventure,https://www.skool.com/story-hacker/lost-world-adventure-genre-guide,Lost World Adventure Genre Guide,Dom Ioanna
Adventure,Jungle Adventure,https://www.skool.com/story-hacker/jungle-adventure-genre-guide,Jungle Adventure Genre Guide,Dom Ioanna
Comedy,Action Comedy,https://www.skool.com/story-hacker/action-comedy-genre-guides,Action Comedy Genre Guides,Mitch White
Comedy,Comedy,https://www.skool.com/story-hacker/comedy-genre-guides,Comedy Genre Guides,Mitch White
Comedy,Dark Comedy,https://www.skool.com/story-hacker/dark-comedy-genre-guides,Dark Comedy Genre Guides,Mitch White
Comedy,Romantic Comedy,https://www.skool.com/story-hacker/romantic-comedy-genre-guides,Romantic Comedy Genre Guides,Mitch White
Comedy,Screwball Comedy,https://www.skool.com/story-hacker/screwball-comedy-genre-guides,Screwball Comedy Genre Guides,Mitch White
Coming-of-Age,Apocalyptic (Dystopian) Coming of Age,https://www.skool.com/story-hacker/apocalyptic-dystopian-coming-of-age-genre-guide,Apocalyptic (Dystopian) Coming of Age Genre Guide,Dom Ioanna
Coming-of-Age,Coming-of-Age (Bildungsroman),https://www.skool.com/story-hacker/coming-of-age-bildungsroman-genre-guides,Coming-of-Age (Bildungsroman) Genre Guides,Mitch White
Coming-of-Age,Historical Coming of Age,https://www.skool.com/story-hacker/historical-coming-of-age-genre-guide,Historical Coming of Age Genre Guide,Dom Ioanna
Crime,Crime Fiction,https://www.skool.com/story-hacker/crime-fiction-genre-guides,Crime Fiction Genre Guides,Mitch White
Crime,Police Procedural,https://www.skool.com/story-hacker/police-procedural-genre-guides,Police Procedural Genre Guides,Mitch White
Dystopian,Cozy Dystopia,https://www.skool.com/story-hacker/cozy-dystopia-genre-guides,Cozy Dystopia Genre Guides,Mitch White
Dystopian,Dystopian Fiction,https://www.skool.com/story-hacker/dystopian-fiction-genre-guides,Dystopian Fiction Genre Guides,Mitch White
Fantasy,Adventure Fantasy,https://www.skool.com/story-hacker/adventure-fantasy-genre-guide,Adventure Fantasy Genre Guide,Dom Ioanna
Fantasy,Cozy Fantasy,https://www.skool.com/story-hacker/cozy-fantasy-genre-guides,Cozy Fantasy Genre Guides,Mitch White
Fantasy,Cyberfantasy,https://www.skool.com/story-hacker/cyberfantasy-genre-guides,Cyberfantasy Genre Guides,Mitch White
Fantasy,Dark Fairytale Fantasy,https://www.skool.com/story-hacker/dark-fairytale-fantasy-genre-guide,Dark Fairytale Fantasy Genre Guide,Dom Ioanna
Fantasy,Dark Fantasy,https://www.skool.com/story-hacker/dark-fantasy-genre-guides,Dark Fantasy Genre Guides,Mitch White
Fantasy,Dark Gothic Fantasy,https://www.skool.com/story-hacker/dark-gothic-fantasy-genre-guides,Dark Gothic Fantasy Genre Guides,Mitch White
Fantasy,Fairy Tale,https://www.skool.com/story-hacker/fairy-tale-genre-guides,Fairy Tale Genre Guides,Mitch White
Fantasy,Fantasy,https://www.skool.com/story-hacker/fantasy-genre-guides,Fantasy Genre Guides,Mitch White
Fantasy,Flintlock Fantasy,https://www.skool.com/story-hacker/flintlock-fantasy-genre-guides,Flintlock Fantasy Genre Guides,Mitch White
Fantasy,Grimdark,https://www.skool.com/story-hacker/grimdark-genre-guide?p=43c172ad,Grimdark Genre Guide,Dom Ioanna
Fantasy,High Fantasy,https://www.skool.com/story-hacker/high-fantasy-genre-guides,High Fantasy Genre Guides,Mitch White
Fantasy,Isekai,https://www.skool.com/story-hacker/isekai-genre-guides,Isekai Genre Guides,Mitch White
Fantasy,LitRPG,https://www.skool.com/story-hacker/litrpg-genre-guide,LitRPG Genre Guide,Lee Hatton
Fantasy,LitRPG,https://www.skool.com/story-hacker/litrpg-genre-guides,LitRPG Genre Guides,Mitch White
Fantasy,Low Fantasy,https://www.skool.com/story-hacker/low-fantasy-genre-guide,Low Fantasy Genre Guide,Dom Ioanna
Fantasy,Military Science Fiction-Fantasy,https://www.skool.com/story-hacker/military-science-fiction-fantasy-genre-guides,Military Science Fiction-Fantasy Genre Guides,Mitch White
Fantasy,Mythpunk,https://www.skool.com/story-hacker/mythpunk-genre-guides,Mythpunk Genre Guides,Mitch White
Fantasy,Portal Fantasy,https://www.skool.com/story-hacker/portal-fantasy-genre-guides,Portal Fantasy Genre Guides,Mitch White
Fantasy,Science Fantasy,https://www.skool.com/story-hacker/science-fantasy-genre-guides,Science Fantasy Genre Guides,Mitch White
Fantasy,Silkpunk,https://www.skool.com/story-hacker/silkpunk-genre-guide?p=07a743c7,Silkpunk Genre Guide,Dom Ioanna
Fantasy,Sword and Sorcery Fantasy,https://www.skool.com/story-hacker/sword-and-sorcery-fantasy-genre-guides,Sword and Sorcery Fantasy Genre Guides,Mitch White
Fantasy,Urban Fantasy,https://www.skool.com/story-hacker/urban-fantasy-genre-guides,Urban Fantasy Genre Guides,Mitch White
Fantasy,Weird West Fantasy,https://www.skool.com/story-hacker/weird-west-fantasy-genre-guide,Weird West Fantasy Genre Guide,Dom Ioanna
Historical,Alternative History,https://www.skool.com/story-hacker/alternative-history-genre-guides,Alternative History Genre Guides,Mitch White
Historical,Nautical Historical Fiction,https://www.skool.com/story-hacker/nautical-historical-fiction-genre-guide,Nautical Historical Fiction Genre Guide,Dom Ioanna
Horror,Cozy Horror,https://www.skool.com/story-hacker/cozy-horror-genre-guides,Cozy Horror Genre Guides,Mitch White
Horror,Eco-Horror,https://www.skool.com/story-hacker/eco-horror-genre-guide,Eco-Horror Genre Guide,Dom Ioanna
Horror,Folk Horror,https://www.skool.com/story-hacker/folk-horror-genre-guides,Folk Horror Genre Guides,Mitch White
Horror,Gothic Horror,https://www.skool.com/story-hacker/gothic-horror-genre-guides,Gothic Horror Genre Guides,Mitch White
Horror,Gothic Western Horror,https://www.skool.com/story-hacker/the-dark-side-of-manifest-destiny-a-guide-to-gothic-western-horror,Gothic Western Horror Genre Guide,Dom Ioanna
Horror,Horror,https://www.skool.com/story-hacker/horror-genre-guides,Horror Genre Guides,Mitch White
Horror,Lovecraftian Horror,https://www.skool.com/story-hacker/lovecraftian-horror-genre-guides,Lovecraftian Horror Genre Guides,Mitch White
Horror,Southern Gothic,https://www.skool.com/story-hacker/southern-gothic-horror-genre-guide,Southern Gothic Horror Genre Guide,Dom Ioanna
Memoir,Memoir and Autofiction,https://www.skool.com/story-hacker/memoir-and-autofiction-genre-guides,Memoir and Autofiction Genre Guides,Mitch White
Mystery,Academic Mystery,https://www.skool.com/story-hacker/academic-mystery-genre-guides,Academic Mystery Genre Guides,Mitch White
Mystery,Amateur Sleuth,https://www.skool.com/story-hacker/amateur-sleuth-genre-guide?p=972428fe,Amateur Sleuth Genre Guide,Dom Ioanna
Mystery,Climate Fiction Mystery,https://www.skool.com/story-hacker/climate-fiction-mystery-genre-guide,Climate Fiction Mystery Genre Guide,Dom Ioanna
Mystery,Cozy Fantasy Mystery,https://www.skool.com/story-hacker/cozy-fantasy-mystery-genre-guides,Cozy Fantasy Mystery Genre Guides,Mitch White
Mystery,Cozy Historical Mystery,https://www.skool.com/story-hacker/cozy-historical-mystery-romance-genre-guide,Cozy Historical Mystery Genre Guide,Dom Ioanna
Mystery,Cozy Horror Mystery,https://www.skool.com/story-hacker/cozy-horror-mystery-genre-guides,Cozy Horror Mystery Genre Guides,Mitch White
Mystery,Cozy Pet Mystery,https://www.skool.com/story-hacker/cozy-pet-mystery-genre-guide,Cozy Pet Mystery Genre Guide,Dom Ioanna
Mystery,Culinary Mystery,https://www.skool.com/story-hacker/culinary-mystery-genre-guide,Culinary Mystery Genre Guide,Dom Ioanna
Mystery,Detective,https://www.skool.com/story-hacker/detective-genre-guides,Detective Genre Guides,Mitch White
Mystery,Gangster Mystery,https://www.skool.com/story-hacker/gangster-mystery-genre-guide,Gangster Mystery Genre Guide,Dom Ioanna
Mystery,Medieval Mystery,https://www.skool.com/story-hacker/medieval-mystery-genre-guides,Medieval Mystery Genre Guides,Mitch White
Mystery,Paranormal Mystery,https://www.skool.com/story-hacker/paranormal-mystery-genre-guides,Paranormal Mystery Genre Guides,Mitch White
Mystery,Private Eye,https://www.skool.com/story-hacker/private-eye-genre-guides,Private Eye Genre Guides,Mitch White
Mystery,Western Mystery,https://www.skool.com/story-hacker/western-mystery-genre-guide,Western Mystery Genre Guide,Dom Ioanna
Mystery,Zoo Mystery,https://www.skool.com/story-hacker/zoo-mystery-genre-guide,Zoo Mystery Genre Guide,Dom Ioanna
Other,Apocalyptic Fiction,https://www.skool.com/story-hacker/apocalyptic-fiction-genre-guides,Apocalyptic Fiction Genre Guides,Mitch White
Other,Bodice-Ripper,https://www.skool.com/story-hacker/bodice-ripper-genre-guides,Bodice-Ripper Genre Guides,Mitch White
Other,Dark Academia,https://www.skool.com/story-hacker/dark-academia-genre-guides,Dark Academia Genre Guides,Mitch White
Other,Farce Fiction,https://www.skool.com/story-hacker/farce-fiction-genre-guides,Farce Fiction Genre Guides,Mitch White
Other,Furry Sleuths,https://www.skool.com/story-hacker/furry-sleuths-genre-guides,Furry Sleuths Genre Guides,Mitch White
Other,Galactic Empire,https://www.skool.com/story-hacker/galactic-empire-genre-guides,Galactic Empire Genre Guides,Mitch White
Other,Gangster,https://www.skool.com/story-hacker/gangster-genre-guides,Gangster Genre Guides,Mitch White
Other,Generation Ship,https://www.skool.com/story-hacker/generation-ship-genre-guides,Generation Ship Genre Guides,Mitch White
Other,Hopepunk,https://www.skool.com/story-hacker/hopepunk-genre-guides,Hopepunk Genre Guides,Mitch White
Other,Kaiju,https://www.skool.com/story-hacker/kaiju-genre-guides,Kaiju Genre Guides,Mitch White
Other,Love Story,https://www.skool.com/story-hacker/love-story-genre-guides,Love Story Genre Guides,Mitch White
Other,Magical Realism,https://www.skool.com/story-hacker/magical-realism-genre-guides,Magical Realism Genre Guides,Mitch White
Other,My: How to Use,https://www.skool.com/story-hacker/my-genre-guides-how-to-use,My Genre Guides: How to Use,Mitch White
Other,Myth,https://www.skool.com/story-hacker/myth-genre-guides,Myth Genre Guides,Mitch White
Other,Noir Cozy,https://www.skool.com/story-hacker/noir-cozy-genre-guides,Noir Cozy Genre Guides,Mitch White
Other,Parallel Universes,https://www.skool.com/story-hacker/parallel-universes-genre-guides,Parallel Universes Genre Guides,Mitch White
Other,Paranormal,https://www.skool.com/story-hacker/paranormal-genre-guides,Paranormal Genre Guides,Mitch White
Other,Parody (Spoof),https://www.skool.com/story-hacker/parody-spoof-genre-guides,Parody (Spoof) Genre Guides,Mitch White
Other,Post-Apocalyptic,https://www.skool.com/story-hacker/post-apocalyptic-genre-guides,Post-Apocalyptic Genre Guides,Mitch White
Other,Satire Fiction,https://www.skool.com/story-hacker/satire-fiction-genre-guides,Satire Fiction Genre Guides,Mitch White
Other,Superhero,https://www.skool.com/story-hacker/superhero-genre-guides,Superhero Genre Guides,Mitch White
Other,Survival Fiction,https://www.skool.com/story-hacker/survival-fiction-genre-guides,Survival Fiction Genre Guides,Mitch White
Other,Swashbuckler,https://www.skool.com/story-hacker/swashbuckler-genre-guides,Swashbuckler Genre Guides,Mitch White
Other,Time Travel,https://www.skool.com/story-hacker/time-travel-genre-guides,Time Travel Genre Guides,Mitch White
Other,Uchronia (Speculative Fiction),https://www.skool.com/story-hacker/uchronia-speculative-fiction-genre-guide,Uchronia (Speculative Fiction) Genre Guide,Dom Ioanna
Other,Vampire Fiction,https://www.skool.com/story-hacker/vampire-fiction-genre-guides,Vampire Fiction Genre Guides,Mitch White
Other,Yakuza/Triad,https://www.skool.com/story-hacker/yakuzatriad-genre-guides,Yakuza/Triad Genre Guides,Mitch White
Romance,Academy Romance,https://www.skool.com/story-hacker/academy-romance-genre-guide,Academy Romance Genre Guide,Dom Ioanna
Romance,Action Romance,https://www.skool.com/story-hacker/action-romance-genre-guides,Action Romance Genre Guides,Mitch White
Romance,Alternate Reality Romance,https://www.skool.com/story-hacker/alternate-reality-romance-genre-guides,Alternate Reality Romance Genre Guides,Mitch White
Romance,Beach Romance,https://www.skool.com/story-hacker/beach-romance-genre-guides,Beach Romance Genre Guides,Mitch White
Romance,Billionaire Romance,https://www.skool.com/story-hacker/billionaire-romance-genre-guides,Billionaire Romance Genre Guides,Mitch White
Romance,BWWM Romance,https://www.skool.com/story-hacker/bwwm-romance-genre-guides,BWWM Romance Genre Guides,Mitch White
Romance,Contemporary Romance,https://www.skool.com/story-hacker/contemporary-romance-genre-guides,Contemporary Romance Genre Guides,Mitch White
Romance,Cosy Motorcycle Club Romance,https://www.skool.com/story-hacker/cosy-motorcycle-club-romance-genre-guide,Cosy Motorcycle Club Romance Genre Guide,Dom Ioanna
Romance,Dark Romance,https://www.skool.com/story-hacker/dark-romance-genre-guides,Dark Romance Genre Guides,Mitch White
Romance,Family Saga Romance,https://www.skool.com/story-hacker/family-saga-romance-genre-guides,Family Saga Romance Genre Guides,Mitch White
Romance,Friends to Lovers,https://www.skool.com/story-hacker/friends-to-lovers-genre-guide,Friends to Lovers Genre Guide,Dom Ioanna
Romance,Glitz (Glamor) Romance,https://www.skool.com/story-hacker/glitz-glamor-romance-genre-guides,Glitz (Glamor) Romance Genre Guides,Mitch White
Romance,Gothic Romance,https://www.skool.com/story-hacker/gothic-romance-genre-guides,Gothic Romance Genre Guides,Mitch White
Romance,Highlander Romance,https://www.skool.com/story-hacker/highlander-romance-genre-guide,Highlander Romance Genre Guide,Dom Ioanna
Romance,Historical Romance,https://www.skool.com/story-hacker/historical-romance-genre-guides,Historical Romance Genre Guides,Mitch White
Romance,Holiday Romance,https://www.skool.com/story-hacker/holiday-romance-genre-guides,Holiday Romance Genre Guides,Mitch White
Romance,Mafia Romance,https://www.skool.com/story-hacker/mafia-romance-genre-guides,Mafia Romance Genre Guides,Mitch White
Romance,MC Romance,https://www.skool.com/story-hacker/mc-romance-genre-guides,MC Romance Genre Guides,Mitch White
Romance,Midlife Crisis Romance,https://www.skool.com/story-hacker/midlife-crisis-romance-genre-guides,Midlife Crisis Romance Genre Guides,Mitch White
Romance,Military Romance,https://www.skool.com/story-hacker/military-romance-genre-guides,Military Romance Genre Guides,Mitch White
Romance,Multicultural Romance,https://www.skool.com/story-hacker/multicultural-romance-genre-guide,Multicultural Romance Genre Guide,Dom Ioanna
Romance,Paranormal Romance,https://www.skool.com/story-hacker/paranormal-romance-genre-guides,Paranormal Romance Genre Guides,Mitch White
Romance,Post-Apocalyptic Romance,https://www.skool.com/story-hacker/post-apocalyptic-romance-genre-guides,Post-Apocalyptic Romance Genre Guides,Mitch White
Romance,Science Fiction Romance,https://www.skool.com/story-hacker/science-fiction-romance-genre-guides,Science Fiction Romance Genre Guides,Mitch White
Romance,Second Chance Romance,https://www.skool.com/story-hacker/second-chance-romance-genre-guides,Second Chance Romance Genre Guides,Mitch White
Romance,Silver Romance,https://www.skool.com/story-hacker/silver-romance-genre-guides,Silver Romance Genre Guides,Mitch White
Romance,Small Town Romance,https://www.skool.com/story-hacker/small-town-romance-genre-guide?p=99a2ee7c,Small Town Romance Genre Guide,
Romance,Sports Romance,https://www.skool.com/story-hacker/sports-romance-genre-guide,Sports Romance Genre Guide,Dom Ioanna
Romance,Teen Angst Romance,https://www.skool.com/story-hacker/teen-angst-romance-genre-guides,Teen Angst Romance Genre Guides,Mitch White
Romance,Time Travel Romance,https://www.skool.com/story-hacker/time-travel-romance-genre-guides,Time Travel Romance Genre Guides,Mitch White
Romance,Urban Fantasy Romance,https://www.skool.com/story-hacker/urban-fantasy-romance-genre-guides,Urban Fantasy Romance Genre Guides,Mitch White
Romantasy,Cozy Romantasy,https://www.skool.com/story-hacker/cozy-romantasy-genre-guide,Cozy Romantasy Genre Guide,Dom Ioanna
Romantasy,Dark Romantasy,https://www.skool.com/story-hacker/dark-romantasy-genre-guide,Dark Romantasy Genre Guide,Dom Ioanna
Romantasy,MMA/UFC Romantasy,https://www.skool.com/story-hacker/mmaufc-romantasy-genre-guides,MMA/UFC Romantasy Genre Guides,Mitch White
Romantasy,Romantasy Fairytale Retellings,https://www.skool.com/story-hacker/romantasy-fairytale-retellings-genre-guide,Romantasy Fairytale Retellings Genre Guide,Dom Ioanna
Romantasy,Romantasy Fiction,https://www.skool.com/story-hacker/romantasy-fiction-genre-guides,Romantasy Fiction Genre Guides,Mitch White
Science Fiction,Ancient World Science Fiction,https://www.skool.com/story-hacker/ancient-world-science-fiction-genre-guide,Ancient World Science Fiction Genre Guide,Dom Ioanna
Science Fiction,Biopunk,https://www.skool.com/story-hacker/biopunk-genre-guides,Biopunk Genre Guides,Mitch White
Science Fiction,Cozy Science Fiction,https://www.skool.com/story-hacker/cozy-science-fiction-genre-guides,Cozy Science Fiction Genre Guides,Mitch White
Science Fiction,Cyberpunk,https://www.skool.com/story-hacker/cyberpunk-genre-guides,Cyberpunk Genre Guides,Mitch White
Science Fiction,Dieselpunk,https://www.skool.com/story-hacker/dieselpunk-genre-guides,Dieselpunk Genre Guides,Mitch White
Science Fiction,Hard Science Fiction,https://www.skool.com/story-hacker/hard-science-fiction-genre-guides,Hard Science Fiction Genre Guides,Mitch White
Science Fiction,Medieval Science Fiction,https://www.skool.com/story-hacker/medieval-science-fiction-genre-guide,Medieval Science Fiction Genre Guide,Dom Ioanna
Science Fiction,Military SF,https://www.skool.com/story-hacker/military-sf-genre-guides,Military SF Genre Guides,Mitch White
Science Fiction,Portal Science Fiction,https://www.skool.com/story-hacker/portal-science-fiction-genre-guides,Portal Science Fiction Genre Guides,Mitch White
Science Fiction,Sandalpunk,https://www.skool.com/story-hacker/sandalpunk-genre-guide,Sandalpunk Genre Guide,Dom Ioanna
Science Fiction,Space Opera SF,https://www.skool.com/story-hacker/space-opera-sf-genre-guides,Space Opera SF Genre Guides,Mitch White
Science Fiction,Steampunk,https://www.skool.com/story-hacker/steampunk-genre-guides,Steampunk Genre Guides,Mitch White
Suspense,Romantic Suspense,https://www.skool.com/story-hacker/romantic-suspense-genre-guide,Romantic Suspense Genre Guide,Dom Ioanna
Thriller,Comedy Thriller,https://www.skool.com/story-hacker/comedy-thriller-genre-guides,Comedy Thriller Genre Guides,Mitch White
Thriller,Dark Romance,https://www.skool.com/story-hacker/dark-romance-thriller-genre-guide?p=c75e79c5,Dark Romance Thriller Genre Guide,Dom Ioanna
Thriller,Domestic Thriller (Grip-Lit),https://www.skool.com/story-hacker/domestic-thriller-grip-lit-genre-guides,Domestic Thriller (Grip-Lit) Genre Guides,Mitch White
Thriller,Forensic Thriller,https://www.skool.com/story-hacker/forensic-thriller-genre-guides,Forensic Thriller Genre Guides,Mitch White
Thriller,Heist (Caper) Fiction,https://www.skool.com/story-hacker/heist-caper-fiction-genre-guides,Heist (Caper) Fiction Genre Guides,Mitch White
Thriller,Historical Thriller,https://www.skool.com/story-hacker/historical-thriller-genre-guides,Historical Thriller Genre Guides,Mitch White
Thriller,Legal Thriller,https://www.skool.com/story-hacker/legal-thriller-genre-guides,Legal Thriller Genre Guides,Mitch White
Thriller,Mafia Thriller,https://www.skool.com/story-hacker/mafia-thriller-genre-guides,Mafia Thriller Genre Guides,Mitch White
Thriller,Medical Thriller,https://www.skool.com/story-hacker/medical-thriller-genre-guide,Medical Thriller Genre Guide,Dom Ioanna
Thriller,Military Thriller,https://www.skool.com/story-hacker/military-thriller-genre-guides,Military Thriller Genre Guides,Mitch White
Thriller,Nordic Noir,https://www.skool.com/story-hacker/nordic-noir-genre-guide,Nordic Noir Genre Guide,Dom Ioanna
Thriller,Psychological Thriller,https://www.skool.com/story-hacker/psychological-thriller-genre-guides,Psychological Thriller Genre Guides,Mitch White
Thriller,Simulation Thriller,https://www.skool.com/story-hacker/simulation-thriller-genre-guides,Simulation Thriller Genre Guides,Mitch White
Thriller,Spy Thriller,https://www.skool.com/story-hacker/book-challenge-prep-spy-thriller-genre-guide,Book Challenge Prep: Spy Thriller Genre Guide,Mitch White
Thriller,Spy-Thriller Fiction,https://www.skool.com/story-hacker/spy-thriller-fiction-genre-guides,Spy-Thriller Fiction Genre Guides,Mitch White
Thriller,Suspense Thriller,https://www.skool.com/story-hacker/suspense-thriller-genre-guide,Suspense Thriller Genre Guide,Dom Ioanna
Thriller,Techno-Thriller,https://www.skool.com/story-hacker/techno-thriller-genre-guides,Techno-Thriller Genre Guides,Mitch White
Thriller,Thriller,https://www.skool.com/story-hacker/thriller-genre-guides,Thriller Genre Guides,Mitch White
Western,Australian Western,https://www.skool.com/story-hacker/australian-western-genre-guides,Australian Western Genre Guides,Mitch White
Western,Comedy Western,https://www.skool.com/story-hacker/comedy-western-genre-guides,Comedy Western Genre Guides,Mitch White
Western,Epic Western,https://www.skool.com/story-hacker/epic-western-genre-guides,Epic Western Genre Guides,Mitch White
Western,Romance Western,https://www.skool.com/story-hacker/romance-western-genre-guides,Romance Western Genre Guides,Mitch White
Western,Space Western,https://www.skool.com/story-hacker/space-western-genre-guides,Space Western Genre Guides,Mitch White
Western,Western Fiction,https://www.skool.com/story-hacker/western-fiction-genre-guides,Western Fiction Genre Guides,Mitch White
